-- MySQL dump 10.13  Distrib 8.0.44, for Linux (x86_64)
--
-- Host: localhost    Database: cursoscarioca
-- ------------------------------------------------------
-- Server version	8.0.44

/*!40101 SET @OLD_CHARACTER_SET_CLIENT=@@CHARACTER_SET_CLIENT */;
/*!40101 SET @OLD_CHARACTER_SET_RESULTS=@@CHARACTER_SET_RESULTS */;
/*!40101 SET @OLD_COLLATION_CONNECTION=@@COLLATION_CONNECTION */;
/*!50503 SET NAMES utf8mb4 */;
/*!40103 SET @OLD_TIME_ZONE=@@TIME_ZONE */;
/*!40103 SET TIME_ZONE='+00:00' */;
/*!40014 SET @OLD_UNIQUE_CHECKS=@@UNIQUE_CHECKS, UNIQUE_CHECKS=0 */;
/*!40014 SET @OLD_FOREIGN_KEY_CHECKS=@@FOREIGN_KEY_CHECKS, FOREIGN_KEY_CHECKS=0 */;
/*!40101 SET @OLD_SQL_MODE=@@SQL_MODE, SQL_MODE='NO_AUTO_VALUE_ON_ZERO' */;
/*!40111 SET @OLD_SQL_NOTES=@@SQL_NOTES, SQL_NOTES=0 */;

--
-- Table structure for table `cursos`
--

DROP TABLE IF EXISTS `cursos`;
/*!40101 SET @saved_cs_client     = @@character_set_client */;
/*!50503 SET character_set_client = utf8mb4 */;
CREATE TABLE `cursos` (
  `id` int NOT NULL AUTO_INCREMENT,
  `tipo_acao` enum('Curso','Oficina','Palestra','Workshop','Evento') COLLATE utf8mb4_unicode_ci NOT NULL,
  `titulo` varchar(255) COLLATE utf8mb4_unicode_ci NOT NULL,
  `titulo_original` varchar(255) COLLATE utf8mb4_unicode_ci DEFAULT NULL,
  `descricao` text COLLATE utf8mb4_unicode_ci NOT NULL,
  `descricao_original` text COLLATE utf8mb4_unicode_ci,
  `capa_curso` varchar(500) COLLATE utf8mb4_unicode_ci DEFAULT NULL,
  `inicio_inscricoes` datetime NOT NULL,
  `fim_inscricoes` datetime NOT NULL,
  `orgao` varchar(255) COLLATE utf8mb4_unicode_ci NOT NULL,
  `tema` varchar(100) COLLATE utf8mb4_unicode_ci NOT NULL,
  `carga_horaria` varchar(100) COLLATE utf8mb4_unicode_ci NOT NULL,
  `modalidade` enum('Presencial','Online','Híbrido') COLLATE utf8mb4_unicode_ci NOT NULL,
  `acessibilidade` enum('acessivel','exclusivo','nao_acessivel') COLLATE utf8mb4_unicode_ci NOT NULL,
  `recursos_acessibilidade` text COLLATE utf8mb4_unicode_ci,
  `publico_alvo` text COLLATE utf8mb4_unicode_ci NOT NULL,
  `curso_gratuito` enum('sim','nao') COLLATE utf8mb4_unicode_ci NOT NULL DEFAULT 'sim',
  `valor_curso_inteira` decimal(10,2) DEFAULT NULL,
  `valor_curso_meia` decimal(10,2) DEFAULT NULL,
  `requisitos_meia` text COLLATE utf8mb4_unicode_ci,
  `oferece_certificado` enum('sim','nao') COLLATE utf8mb4_unicode_ci NOT NULL,
  `pre_requisitos` text COLLATE utf8mb4_unicode_ci,
  `oferece_bolsa` enum('sim','nao') COLLATE utf8mb4_unicode_ci NOT NULL DEFAULT 'nao',
  `valor_bolsa` decimal(10,2) DEFAULT NULL,
  `requisitos_bolsa` text COLLATE utf8mb4_unicode_ci,
  `info_complementares` text COLLATE utf8mb4_unicode_ci,
  `info_adicionais` text COLLATE utf8mb4_unicode_ci,
  `parceiro_externo` enum('sim','nao') COLLATE utf8mb4_unicode_ci NOT NULL DEFAULT 'nao',
  `parceiro_nome` varchar(255) COLLATE utf8mb4_unicode_ci DEFAULT NULL,
  `parceiro_link` varchar(500) COLLATE utf8mb4_unicode_ci DEFAULT NULL,
  `parceiro_logo` varchar(500) COLLATE utf8mb4_unicode_ci DEFAULT NULL,
  `status` enum('ativo','inativo','rascunho') COLLATE utf8mb4_unicode_ci DEFAULT 'ativo',
  `created_at` timestamp NULL DEFAULT CURRENT_TIMESTAMP,
  `updated_at` timestamp NULL DEFAULT CURRENT_TIMESTAMP ON UPDATE CURRENT_TIMESTAMP,
  `created_by` int DEFAULT NULL,
  PRIMARY KEY (`id`),
  KEY `idx_modalidade` (`modalidade`),
  KEY `idx_tema` (`tema`),
  KEY `idx_orgao` (`orgao`),
  KEY `idx_status` (`status`),
  KEY `idx_inscricoes` (`inicio_inscricoes`,`fim_inscricoes`)
) ENGINE=InnoDB AUTO_INCREMENT=25 DEFAULT CHARSET=utf8mb4 COLLATE=utf8mb4_unicode_ci;
/*!40101 SET character_set_client = @saved_cs_client */;

--
-- Dumping data for table `cursos`
--

LOCK TABLES `cursos` WRITE;
/*!40000 ALTER TABLE `cursos` DISABLE KEYS */;
INSERT INTO `cursos` VALUES (1,'Curso','Oficina de Currículo','Oficina de Currículo','O curso ensina a criar currículos acessíveis que destacam suas habilidades e atraem recrutadores.  Você aprenderá a organizar informações e otimizar o documento para leitores de tela, beneficiando candidatos com deficiência.','Aprenda a criar currículos acessíveis que valorizam suas habilidades e alcançam recrutadores, considerando as necessidades de pessoas com deficiência. O curso aborda organização de informações e otimização para leitores de tela.','','2025-09-25 00:00:00','2025-10-10 00:00:00','Secretaria Municipal da Pessoa com Deficiência - SMPD','Carreira','03 Horas','Presencial','exclusivo','Acesso facilitado para cadeirantes, com rampas e portas amplas;\n\nBanheiros acessíveis, adaptados conforme as normas de acessibilidade;\n\nSinalização tátil e visual, para pessoas com deficiência visual ou baixa visão;\n\nEstacionamento com vagas reservadas para pessoas com deficiência ou mobilidade reduzida;\n\nInterprete de Libras.','Pessoas com Deficiência e Familiares de Pessoas com Deficiência.','sim',NULL,NULL,'','sim','Lista de presença','nao',NULL,'','Nome completo, endereço, email e telefone de contato.','','nao','','','','ativo','2025-11-25 19:12:15','2025-11-25 19:12:15',1),(2,'Curso','Informática para Negócios','Informática para Negócios','Este curso ensina a usar as ferramentas de informática essenciais para as áreas administrativa e comercial. O objetivo é aplicar esse conhecimento tecnológico para criar novas ideias e soluções inovadoras para o mercado.','Apresentar as principais funções de informática usadas nos ramos administrativo e comercial; Fomentar a criação de novas ideias para o mercado através da tecnologia;','','2025-10-17 00:00:00','2025-10-31 00:00:00','Secretaria Especial da Juventude Carioca - JUV-RIO','Tech','20 horas','Presencial','acessivel','Rampa de acesso','Jovens de 15 a 29 anos','sim',NULL,NULL,'','sim','Frequência mínima de 75% e entrega de trabalho final','nao',NULL,'','Data de nascimento, idade, e-mail, telefone, endereço e bairro','','nao','','','','ativo','2025-11-25 19:12:15','2025-11-25 19:12:15',1),(3,'Curso','Mídias Sociais','Mídias Sociais','Este curso ensina a superar os desafios do ambiente digital.\nVocê aprenderá a usar ferramentas online para se destacar profissionalmente.\nO objetivo é te ajudar a conseguir um emprego ou uma nova colocação no mercado.','Apresentar os principais desafios de estar presente no ambiente digitar e capacitar para a aplicação das ferramentas disponíveis para auxiliá-lo em sua colocação profissional.','','2025-10-17 00:00:00','2025-10-31 00:00:00','Secretaria Especial da Juventude Carioca - JUV-RIO','Tech','20 horas','Presencial','acessivel','Rampa de acesso','Jovens de 15 a 30 anos','sim',NULL,NULL,'','sim','Frequência mínima de 75% e entrega de trabalho final','nao',NULL,'','Data de nascimento, idade, e-mail, telefone, endereço e bairro','','nao','','','','ativo','2025-11-25 19:12:15','2025-11-25 19:12:15',1),(4,'Curso','Noções Básicas de Higiene e Boas Práticas de Manipulação de Alimentos','Noções Básicas de Higiene e Boas Práticas de Manipulação de Alimentos','O curso ensina a manipular alimentos de forma segura e higiênica para evitar contaminações. Você aprende a aplicar as normas sanitárias em todos os processos, do recebimento à distribuição. O objetivo é garantir a qualidade dos alimentos e proteger a saúde do consumidor.','O curso ensina as boas práticas para manipular alimentos de forma segura, prevenindo contaminações e riscos à saúde. Você aprenderá sobre higiene, controle de qualidade e os procedimentos corretos em todas as etapas, do recebimento à distribuição. O objetivo é garantir a segurança alimentar e a saúde do consumidor, seguindo as normas sanitárias.','','2025-10-15 00:00:00','2025-10-27 00:00:00','Instituto Municipal de Vigilância Sanitária, Vigilância de Zoonoses e de Inspeção Agropecuária - S/IVISA-RIO','Saúde','4 horas','Online','acessivel','Transcrição automática do Google Meet.','Cozinheiro, açougueiro, padeiro, barman, chefe de cozinha, estoquista, garçom, entre outros que exercem as atividades de manipulação de alimentos em estabelecimentos como escolas, restaurantes, bares, lanchonetes, supermercados, casas noturnas, serviços de hotelaria e similares.','sim',NULL,NULL,'','sim','Inscrição, presença e nota igual ou superior a 6,0 na avaliação.','nao',NULL,'','Grau de escolaridade, renda familiar, estado/cidade/bairro onde trabalha e estado/cidade/bairro onde reside, tipo de estabelecimento onde trabalha, ocupação e como ficou sabendo do curso.','','nao','','','','ativo','2025-11-25 19:12:15','2025-11-25 19:12:15',1),(5,'Curso','Operador de Drone','Operador de Drone','Este curso ensina a pilotar drones para produção audiovisual. Você aprenderá os conceitos essenciais de filmagem e iluminação para capturar vídeos com qualidade profissional.','Aprender a operação do Drone como instrumento audiovisual; Entender os conceitos da captação de vídeo e iluminação.','','2025-10-17 00:00:00','2025-10-31 00:00:00','Secretaria Especial da Juventude Carioca - JUV-RIO','Tech','20 horas','Presencial','acessivel','Rampa de acesso','Jovens de 15 a 29 anos','sim',NULL,NULL,'','sim','Frequência mínima de 75% e entrega de trabalho final','nao',NULL,'','Data de nascimento, idade, e-mail, telefone, endereço e bairro','','nao','','','','ativo','2025-11-25 19:12:15','2025-11-25 19:12:15',1),(6,'Curso','Inteligência Artificial','Inteligência Artificial','Este curso ensina os fundamentos da Inteligência Artificial, abordando seus conceitos, algoritmos e aplicações. O aprendizado é colocado em prática com o desenvolvimento de um projeto final.','Este curso oferece uma introdução abrangente aos fundamentos da Inteligência Artificial (IA). Os participantes serão apresentados aos conceitos básicos, algoritmos e aplicações da IA, além de terem a oportunidade de aplicar seus conhecimentos em um projeto final.','','2025-10-17 00:00:00','2025-10-31 00:00:00','Secretaria Especial da Juventude Carioca - JUV-RIO','Tech','20 horas','Presencial','acessivel','Rampa de acesso','Jovens de 15 a 29 anos','sim',NULL,NULL,'','sim','Frequência mínima de 75% e entrega de trabalho final','nao',NULL,'','Data de nascimento, idade, e-mail, telefone, endereço e bairro','','nao','','','','ativo','2025-11-25 19:12:15','2025-11-25 19:12:15',1),(7,'Curso','Design de Games','Design de Games','Este curso ensina os fundamentos essenciais para a criação de games.\nO objetivo é capacitar você a desenvolver seus próprios jogos\nde forma totalmente independente e autônoma.','Trabalhar noções básicas, com o objetivo de promover a criação independente degames.','','2025-10-17 00:00:00','2025-10-31 00:00:00','Secretaria Especial da Juventude Carioca - JUV-RIO','Tech','20 horas','Presencial','acessivel','Rampa de acesso','Jovens de 15 a 29 anos','sim',NULL,NULL,'','sim','Frequência mínima de 75% e entrega de trabalho final','nao',NULL,'','Data de nascimento, idade, e-mail, telefone, endereço e bairro','','nao','','','','ativo','2025-11-25 19:12:15','2025-11-25 19:12:15',1),(8,'Curso','Robótica','Robótica','Este curso ensina a projetar sistemas de automação com robôs colaborativos. O objetivo é aprender a conectar esses robôs em rede e a integrá-los com outras máquinas para criar uma solução de trabalho automatizada e completa.','Trabalhar conhecimentos sobre projetos de células robotizadas colaborativas, com objetivo de realizar a integração de robôs em rede e com outros sistemas de automação.','','2025-10-17 00:00:00','2025-10-31 00:00:00','Secretaria Especial da Juventude Carioca - JUV-RIO','Tech','20 horas','Presencial','acessivel','Rampa de acesso','Jovens de 15 a 29 anos','sim',NULL,NULL,'','sim','Frequência mínima de 75% e entrega de trabalho final','nao',NULL,'','Data de nascimento, idade, e-mail, telefone, endereço e bairro','','nao','','','','ativo','2025-11-25 19:12:15','2025-11-25 19:12:15',1),(9,'Curso','Impressão 3D','Impressão 3D','Este curso ensina como funciona a impressão 3D (produção aditiva).\nVocê aprenderá sobre os fatores que influenciam o processo e suas diversas aplicações práticas no desenvolvimento de novos produtos.','Conhecer sobre o processo de produção aditiva (impressão 3D), suas variáveis e diferentes aplicações nas áreas de desenvolvimento de produtos.','','2025-10-17 00:00:00','2025-10-31 00:00:00','Secretaria Especial da Juventude Carioca - JUV-RIO','Tech','20 horas','Presencial','acessivel','Rampa de acesso','Jovens de 15 a 29 anos','sim',NULL,NULL,'','sim','Frequência mínima de 75% e entrega de trabalho final','nao',NULL,'','Data de nascimento, idade, e-mail, telefone, endereço e bairro','','nao','','','','ativo','2025-11-25 19:12:15','2025-11-25 19:12:15',1),(10,'Curso','Indústria Avançada','Indústria Avançada','O curso ensina os conceitos da Indústria Avançada de forma prática, criando processos de fabricação inteligentes e conectados. Você desenvolverá sistemas autônomos em oficinas de produção, utilizando hardware e software gratuitos e de código aberto, como o Arduino.','Entender os conceitos da Indústria Avançada; Simular a inserção de inteligência e conectividade no processo de fabricação de um produto usando como base plataformas gratuitas e/ou open source (SCADABr, Arduino, IDE, Aplicativos Android) e open hardware (Arduino), a partir da elaboração de sistemas autônomos desenvolvidos em mini oficinas de produção.','','2025-10-17 00:00:00','2025-10-31 00:00:00','Secretaria Especial da Juventude Carioca - JUV-RIO','Tech','20 horas','Presencial','acessivel','Rampa de acesso','Jovens de 15 a 29 anos','sim',NULL,NULL,'','sim','Frequência mínima de 75% e entrega de trabalho final','nao',NULL,'','Data de nascimento, idade, e-mail, telefone, endereço e bairro','','nao','','','','ativo','2025-11-25 19:12:15','2025-11-25 19:12:15',1),(11,'Curso','Lógica de Programação e Algoritmos','Lógica de Programação e Algoritmos','Este curso ensina os fundamentos da lógica computacional para resolver problemas. Você aprenderá a criar algoritmos usando fluxogramas e pseudocódigo. A prática é feita em ferramentas para iniciantes, como Scratch e Portugol, para exercitar o raciocínio.','Compreender os fundamentos da lógica computacional e sua aplicação na resolução de problemas; Desenvolver algoritmos utilizando fluxogramas e pseudocódigo como base para a programação; Realizar práticas iniciais em ambientes de programação, como Scratch e Portugol, para exercitar o raciocínio lógico.','','2025-10-17 00:00:00','2025-10-31 00:00:00','Secretaria Especial da Juventude Carioca - JUV-RIO','Tech','20 horas','Presencial','acessivel','Rampa de acesso','Jovens de 15 a 29 anos','sim',NULL,NULL,'','sim','Frequência mínima de 75% e entrega de trabalho final','nao',NULL,'','Data de nascimento, idade, e-mail, telefone, endereço e bairro','','nao','','','','ativo','2025-11-25 19:12:15','2025-11-25 19:12:15',1),(12,'Curso','BARBEARIA','BARBEARIA','O curso ensina as técnicas práticas para realizar cortes de cabelo masculino e design de barba. Você desenvolverá as habilidades e a postura profissional necessárias para atuar no mercado, cuidando da estética masculina.','Capacitar a executar cortes de cabelo masculino, design de barba e cuidados com a estética masculina, desenvolvendo habilidades práticas, técnicas e postura profissional para atuar no mercado de barbearia.','','2025-10-10 00:00:00','2025-10-31 00:00:00','Secretaria Especial de Economia Solidária - SES-RIO','Estética','72h','Presencial','nao_acessivel','','Moradores das favelas e periferias do Rio, com foco em grupos historicamente marginalizados e em situação de vulnerabilidade social e econômica.','sim',NULL,NULL,'','sim','Frequência mínima de 75%','nao',NULL,'','Será necessário o comparecimento ao Polo escolhido para efetivação da inscrição.','','sim','Centro de Assessoria ao Movimento Popular - CAMPO','','Centro_de_Assessoria_ao_Movimento_Popular_-_CAMPO.png','ativo','2025-11-25 19:12:15','2025-11-25 19:12:15',1),(13,'Curso','TRANCISTA','TRANCISTA','Este curso ensina as técnicas para cuidar de cabelos, desde a teoria (estrutura do fio, higiene) até a prática (uso de ferramentas e procedimentos). Você desenvolve habilidades técnicas e a postura profissional necessárias para atuar no mercado da beleza e atender clientes com excelência.','Capacitar para o universo dos cabelos, levando ao conhecimento da estrutura do fio, boas práticas de higiene, assim como o manuseio de ferramentas a executar procedimentos e cuidados com os cabelos dos clientes, design e cuidado com a estética, desenvolvendo habilidades práticas, técnicas e postura profissional para atuar no mercado da beleza.','','2025-10-10 00:00:00','2025-10-31 00:00:00','Secretaria Especial de Economia Solidária - SES-RIO','Estética','72h','Presencial','nao_acessivel','','Moradores das favelas e periferias do Rio, com foco em grupos historicamente marginalizados e em situação de vulnerabilidade social e econômica.','sim',NULL,NULL,'','sim','Frequência mínima de 75%','nao',NULL,'','Será necessário o comparecimento ao Polo escolhido para efetivação da inscrição.','','sim','Centro de Assessoria ao Movimento Popular - CAMPO','','Centro_de_Assessoria_ao_Movimento_Popular_-_CAMPO.png','ativo','2025-11-25 19:12:15','2025-11-25 19:12:15',1),(14,'Curso','TEC. ESTAMPARIA','TEC. ESTAMPARIA','Este curso ensina a técnica de estamparia por silk-screen (serigrafia).\nVocê aprenderá a criar estampas duráveis em camisetas, banners e cartazes.\nÉ um método versátil e ideal para quem precisa produzir em grande quantidade.','Capacitar a aprender técnicas de silk-screen, versátil, durável e ideal para produção de grandes lotes, como em camisetas, faixas, banner, cartazes, etc.','','2025-10-10 00:00:00','2025-10-31 00:00:00','Secretaria Especial de Economia Solidária - SES-RIO','Design','72h','Presencial','nao_acessivel','','Moradores das favelas e periferias do Rio, com foco em grupos historicamente marginalizados e em situação de vulnerabilidade social e econômica.','sim',NULL,NULL,'','sim','Frequência mínima de 75%','nao',NULL,'','Será necessário o comparecimento ao Polo escolhido para efetivação da inscrição.','','sim','Centro de Assessoria ao Movimento Popular - CAMPO','','Centro_de_Assessoria_ao_Movimento_Popular_-_CAMPO.png','ativo','2025-11-25 19:12:15','2025-11-25 19:12:15',1),(15,'Curso','CABELEIREIRO','CABELEIREIRO','Este curso ensina as técnicas teóricas e práticas para se tornar um cabeleireiro profissional. Você aprenderá sobre a estrutura do fio, manuseio de ferramentas e como executar procedimentos de cuidados e estética capilar, desenvolvendo a postura ideal para atuar no mercado da beleza.','Capacitar para o universo dos cabelos, levando ao conhecimento da estrutura do fio, boas práticas de higiene, assim como o manuseio de ferramentas a executar procedimentos e cuidados com os cabelos dos clientes, design e cuidados com a estética, desenvolvendo habilidades práticas, técnicas e postura profissional para atuar no mercado da beleza.','','2025-10-10 00:00:00','2025-10-31 00:00:00','Secretaria Especial de Economia Solidária - SES-RIO','Estética','72h','Presencial','nao_acessivel','','Moradores das favelas e periferias do Rio, com foco em grupos historicamente marginalizados e em situação de vulnerabilidade social e econômica.','sim',NULL,NULL,'','sim','Frequência mínima de 75%','nao',NULL,'','Será necessário o comparecimento ao Polo escolhido para efetivação da inscrição.','','sim','Centro de Assessoria ao Movimento Popular - CAMPO','','Centro_de_Assessoria_ao_Movimento_Popular_-_CAMPO.png','ativo','2025-11-25 19:12:15','2025-11-25 19:12:15',1),(16,'Curso','DESIGNER DE CÍLIOS','DESIGNER DE CÍLIOS','Este curso ensina as técnicas de limpeza e alongamento de cílios.\nVocê desenvolverá as habilidades práticas e a postura profissional necessárias.\nO objetivo é preparar você para atuar no mercado da beleza.','Capacitar a executar limpeza e alongamento de cílios, realizando cuidados com a estética feminina, desenvolvendo habilidades práticas, técnicas e postura profissional para atuar no mercado da beleza.','','2025-10-10 00:00:00','2025-10-31 00:00:00','Secretaria Especial de Economia Solidária - SES-RIO','Estética','72h','Presencial','nao_acessivel','','Moradores das favelas e periferias do Rio, com foco em grupos historicamente marginalizados e em situação de vulnerabilidade social e econômica.','sim',NULL,NULL,'','sim','Frequência mínima de 75%','nao',NULL,'','Será necessário o comparecimento ao Polo escolhido para efetivação da inscrição.','','sim','Centro de Assessoria ao Movimento Popular - CAMPO','','Centro_de_Assessoria_ao_Movimento_Popular_-_CAMPO.png','ativo','2025-11-25 19:12:15','2025-11-25 19:12:15',1),(17,'Curso','CORTE E COSTURA','CORTE E COSTURA','Este curso qualifica profissionais para trabalhar com vestuário. Você aprenderá as técnicas essenciais de medição, corte, costura e operação de máquinas para confeccionar diversos tipos de roupas e acabamentos.','Proporcionar formação profissional, transformar em profissionais qualificados que possam trabalhar com vestuário (medir, cortar, costurar, operar máquinas e pontos relevantes), assim como fazer diferentes tipos de roupas e costuras.','','2025-10-10 00:00:00','2025-10-31 00:00:00','Secretaria Especial de Economia Solidária - SES-RIO','Design','72h','Presencial','nao_acessivel','','Moradores das favelas e periferias do Rio, com foco em grupos historicamente marginalizados e em situação de vulnerabilidade social e econômica.','sim',NULL,NULL,'','sim','Frequência mínima de 75%','nao',NULL,'','Será necessário o comparecimento ao Polo escolhido para efetivação da inscrição.','','sim','Centro de Assessoria ao Movimento Popular - CAMPO','','Centro_de_Assessoria_ao_Movimento_Popular_-_CAMPO.png','ativo','2025-11-25 19:12:15','2025-11-25 19:12:15',1),(18,'Curso','MANICURE E PEDICURE','MANICURE E PEDICURE','Este curso ensina a realizar procedimentos de manicure e pedicure, incluindo técnicas de design e estética das unhas. Você desenvolverá as habilidades práticas e a postura profissional necessárias para atuar no mercado da beleza.','Capacitar a executar procedimentos e cuidados com as unhas das mãos e pés dos clientes, design e cuidados com a estética, desenvolvendo habilidades práticas, técnicas e postura profissional para atuar no mercado da beleza.','','2025-10-10 00:00:00','2025-10-31 00:00:00','Secretaria Especial de Economia Solidária - SES-RIO','Design','72h','Presencial','nao_acessivel','','Moradores das favelas e periferias do Rio, com foco em grupos historicamente marginalizados e em situação de vulnerabilidade social e econômica.','sim',NULL,NULL,'','sim','Frequência mínima de 75%','nao',NULL,'','Será necessário o comparecimento ao Polo escolhido para efetivação da inscrição.','','sim','Centro de Assessoria ao Movimento Popular - CAMPO','','Centro_de_Assessoria_ao_Movimento_Popular_-_CAMPO.png','ativo','2025-11-25 19:12:15','2025-11-25 19:12:15',1),(19,'Curso','MANUTENÇÃO DE CELULAR','MANUTENÇÃO DE CELULAR','Este curso ensina os fundamentos da eletrônica e as técnicas de conserto de dispositivos móveis. É uma formação prática e acessível, ideal para iniciantes que desejam ingressar no mercado técnico.','Introduzir os princípios da eletrônica e as práticas de conserto de dispositivos móveis. Voltado para iniciantes que desejam ingressar no mercado técnico e aprender de forma acessível e prática.','','2025-10-10 00:00:00','2025-10-31 00:00:00','Secretaria Especial de Economia Solidária - SES-RIO','Tech','72h','Presencial','nao_acessivel','','Moradores das favelas e periferias do Rio, com foco em grupos historicamente marginalizados e em situação de vulnerabilidade social e econômica.','sim',NULL,NULL,'','sim','Frequência mínima de 75%','nao',NULL,'','Será necessário o comparecimento ao Polo escolhido para efetivação da inscrição.','','sim','Centro de Assessoria ao Movimento Popular - CAMPO','','Centro_de_Assessoria_ao_Movimento_Popular_-_CAMPO.png','ativo','2025-11-25 19:12:15','2025-11-25 19:12:15',1),(20,'Curso','VELA ARTESANAL','VELA ARTESANAL','Este curso ensina os fundamentos e técnicas para produzir velas artesanais. Você aprenderá a criar peças que são como obras de arte para decorar. O objetivo é transformar qualquer ambiente num espaço de relaxamento e conforto.','Este curso ensina os fundamentos e técnicas para produção de velas artesanais, que são mais do que fontes de luz, elas transformam o ambiente. Cada peça cuidadosamente produzida funciona como uma mini obra de arte, tem uma luz calorosa e convidativa que transforma qualquer espaço num refúgio de relaxamento, conforto, foco e intimidade.','','2025-09-19 00:00:00','2025-09-30 00:00:00','Secretaria Especial de Economia Solidária - SES-RIO','Artes','18Horas','Presencial','nao_acessivel','','Acima de 16 anos.','sim',NULL,NULL,'','sim','Frequência mínima de 75 horas.','nao',NULL,'','Identidade, CPF, endereço, telefone e e-mail.','','sim','Centro de Assessoria ao Movimento Popular - CAMPO','','Centro_de_Assessoria_ao_Movimento_Popular_-_CAMPO.png','ativo','2025-11-25 19:12:15','2025-11-25 19:12:15',1),(21,'Curso','CROCHÊ','CROCHÊ','Este curso ensina os fundamentos e as técnicas do crochê com agulha e fio.\nVocê aprenderá a criar peças artesanais variadas, como roupas, acessórios e bolsas.\nÉ um guia prático para transformar fios em arte, do básico à produção.','Este curso ensina os fundamentos e técnicas para produção de Crochê , uma técnica artesanal que consiste em criar tecidos com uma agulha de gancho e fios. É uma arte milenar que pode ser usada para fazer roupas, acessórios, tapetes, mantas, bolsas e muito mais.','','2025-09-19 00:00:00','2025-09-30 00:00:00','Secretaria Especial de Economia Solidária - SES-RIO','Artes','18Horas','Presencial','nao_acessivel','','Moradores das favelas e periferias do Cidade do Rio de Janeiro em situação de vulnerabilidade social e econômica.','sim',NULL,NULL,'','sim','Frequência mínima de 75 horas.','nao',NULL,'','Nome completo, identidade, CPF, comprovante de Residência e e-mail do candidato.','','sim','Centro de Assessoria ao Movimento Popular - CAMPO','','Centro_de_Assessoria_ao_Movimento_Popular_-_CAMPO.png','ativo','2025-11-25 19:12:15','2025-11-25 19:12:15',1),(22,'Curso','MACRAMÊ','MACRAMÊ','Este curso ensina as técnicas fundamentais do macramê.\nVocê aprenderá a criar padrões e texturas em fios e cordas,\nutilizando apenas a arte de fazer nós para produzir peças artesanais.','Este curso de macramê, ensina os fundamentos e técnicas de artesanato que consiste em criar padrões e texturas em\nfios ou cordas através de nós. É uma arte milenar que se originou no Oriente Médio.','','2025-09-19 00:00:00','2025-09-30 00:00:00','Secretaria Especial de Economia Solidária - SES-RIO','Artes','18Horas','Presencial','nao_acessivel','','Moradores das favelas e periferias do Cidade do Rio de Janeiro em situação de vulnerabilidade social e econômica.','sim',NULL,NULL,'','sim','Frequência mínima de 75 horas.','nao',NULL,'','Nome completo, identidade, CPF, comprovante de Residência e e-mail do candidato.','','sim','Centro de Assessoria ao Movimento Popular - CAMPO','','Centro_de_Assessoria_ao_Movimento_Popular_-_CAMPO.png','ativo','2025-11-25 19:12:15','2025-11-25 19:12:15',1),(23,'Curso','AMIGURUMI','AMIGURUMI','Este curso ensina a criar amigurumis, que são bonecos de pelúcia feitos com técnicas de crochê ou tricô. Você aprenderá os fundamentos e pontos necessários para confeccionar seus próprios personagens do zero.','Este curso ensina os fundamentos e técnicas de crochê ou tricô para fazer bonecos de pelúcia.\nA palavra \"amigurumi\" é a junção de \"ami\", que significa \"malha\" ou\n\"tricô\", e \"nuigurumi\", que significa \"boneco de pelúcia\".','','2025-09-19 00:00:00','2025-09-30 00:00:00','Secretaria Especial de Economia Solidária - SES-RIO','Artes','18Horas','Presencial','nao_acessivel','','Moradores das favelas e periferias do Cidade do Rio de Janeiro em situação de vulnerabilidade social e econômica.','sim',NULL,NULL,'','sim','Frequência mínima de 75 horas.','nao',NULL,'','Nome completo, identidade, CPF, comprovante de Residência e e-mail do candidato.','','sim','Centro de Assessoria ao Movimento Popular - CAMPO','','Centro_de_Assessoria_ao_Movimento_Popular_-_CAMPO.png','ativo','2025-11-25 19:12:15','2025-11-25 19:12:15',1),(24,'Curso','SABONETE ARTESANAL - RIO CIDADE CRIATIVA','SABONETE ARTESANAL - RIO CIDADE CRIATIVA','Este curso ensina as técnicas para criar sabonetes artesanais do zero. Você aprenderá a fazer produtos de higiene caseiros, que são mais hidratantes e suaves para a pele em comparação com os industrializados.','Este curso ensina os fundamentos e técnicas de sabonetes artesanais. E um produto de higiene feito em casa, ao contrário dos sabonetes industrializados, os sabonetes caseiros podem ser mais hidratantes e suaves para a pele.','','2025-09-19 00:00:00','2025-09-30 00:00:00','Secretaria Especial de Economia Solidária - SES-RIO','Artes','18Horas','Presencial','nao_acessivel','','Moradores das favelas e periferias do Cidade do Rio de Janeiro em situação de vulnerabilidade social e econômica.','sim',NULL,NULL,'','sim','Frequência mínima de 75 horas.','nao',NULL,'','Nome completo, identidade, CPF, comprovante de Residência e e-mail do candidato.','','sim','Centro de Assessoria ao Movimento Popular - CAMPO','','Centro_de_Assessoria_ao_Movimento_Popular_-_CAMPO.png','ativo','2025-11-25 19:12:16','2025-11-25 19:12:16',1);
/*!40000 ALTER TABLE `cursos` ENABLE KEYS */;
UNLOCK TABLES;

--
-- Table structure for table `plataformas_online`
--

DROP TABLE IF EXISTS `plataformas_online`;
/*!40101 SET @saved_cs_client     = @@character_set_client */;
/*!50503 SET character_set_client = utf8mb4 */;
CREATE TABLE `plataformas_online` (
  `id` int NOT NULL AUTO_INCREMENT,
  `curso_id` int NOT NULL,
  `plataforma_digital` varchar(255) COLLATE utf8mb4_unicode_ci NOT NULL,
  `link_acesso` varchar(500) COLLATE utf8mb4_unicode_ci DEFAULT NULL,
  `vagas_totais` int NOT NULL,
  `vagas_ocupadas` int DEFAULT '0',
  `vagas_disponiveis` int GENERATED ALWAYS AS ((`vagas_totais` - `vagas_ocupadas`)) STORED,
  `aulas_assincronas` enum('sim','nao') COLLATE utf8mb4_unicode_ci NOT NULL DEFAULT 'sim',
  `inicio_aulas` date DEFAULT NULL,
  `fim_aulas` date DEFAULT NULL,
  `horario_inicio` time DEFAULT NULL,
  `horario_fim` time DEFAULT NULL,
  `status` enum('ativa','inativa') COLLATE utf8mb4_unicode_ci DEFAULT 'ativa',
  `created_at` timestamp NULL DEFAULT CURRENT_TIMESTAMP,
  `updated_at` timestamp NULL DEFAULT CURRENT_TIMESTAMP ON UPDATE CURRENT_TIMESTAMP,
  PRIMARY KEY (`id`),
  KEY `idx_curso` (`curso_id`),
  KEY `idx_vagas` (`vagas_disponiveis`),
  CONSTRAINT `plataformas_online_ibfk_1` FOREIGN KEY (`curso_id`) REFERENCES `cursos` (`id`) ON DELETE CASCADE
) ENGINE=InnoDB AUTO_INCREMENT=2 DEFAULT CHARSET=utf8mb4 COLLATE=utf8mb4_unicode_ci;
/*!40101 SET character_set_client = @saved_cs_client */;

--
-- Dumping data for table `plataformas_online`
--

LOCK TABLES `plataformas_online` WRITE;
/*!40000 ALTER TABLE `plataformas_online` DISABLE KEYS */;
INSERT INTO `plataformas_online` (`id`, `curso_id`, `plataforma_digital`, `link_acesso`, `vagas_totais`, `vagas_ocupadas`, `aulas_assincronas`, `inicio_aulas`, `fim_aulas`, `horario_inicio`, `horario_fim`, `status`, `created_at`, `updated_at`) VALUES (1,4,'Google Meet','',0,0,'nao',NULL,NULL,NULL,NULL,'ativa','2025-11-25 19:12:15','2025-11-25 19:12:15');
/*!40000 ALTER TABLE `plataformas_online` ENABLE KEYS */;
UNLOCK TABLES;

--
-- Table structure for table `turmas`
--

DROP TABLE IF EXISTS `turmas`;
/*!40101 SET @saved_cs_client     = @@character_set_client */;
/*!50503 SET character_set_client = utf8mb4 */;
CREATE TABLE `turmas` (
  `id` int NOT NULL AUTO_INCREMENT,
  `curso_id` int NOT NULL,
  `numero_turma` int NOT NULL DEFAULT '1',
  `nome_turma` varchar(100) COLLATE utf8mb4_unicode_ci DEFAULT NULL,
  `endereco_unidade` varchar(500) COLLATE utf8mb4_unicode_ci DEFAULT NULL,
  `bairro_unidade` varchar(100) COLLATE utf8mb4_unicode_ci DEFAULT NULL,
  `complemento` varchar(255) COLLATE utf8mb4_unicode_ci DEFAULT NULL,
  `vagas_totais` int NOT NULL,
  `vagas_ocupadas` int DEFAULT '0',
  `vagas_disponiveis` int GENERATED ALWAYS AS ((`vagas_totais` - `vagas_ocupadas`)) STORED,
  `inicio_aulas` date NOT NULL,
  `fim_aulas` date NOT NULL,
  `horario_inicio` time NOT NULL,
  `horario_fim` time NOT NULL,
  `status` enum('ativa','inativa','cancelada','concluida') COLLATE utf8mb4_unicode_ci DEFAULT 'ativa',
  `created_at` timestamp NULL DEFAULT CURRENT_TIMESTAMP,
  `updated_at` timestamp NULL DEFAULT CURRENT_TIMESTAMP ON UPDATE CURRENT_TIMESTAMP,
  PRIMARY KEY (`id`),
  KEY `idx_curso_turma` (`curso_id`,`numero_turma`),
  KEY `idx_status` (`status`),
  KEY `idx_vagas` (`vagas_disponiveis`),
  CONSTRAINT `turmas_ibfk_1` FOREIGN KEY (`curso_id`) REFERENCES `cursos` (`id`) ON DELETE CASCADE
) ENGINE=InnoDB AUTO_INCREMENT=58 DEFAULT CHARSET=utf8mb4 COLLATE=utf8mb4_unicode_ci;
/*!40101 SET character_set_client = @saved_cs_client */;

--
-- Dumping data for table `turmas`
--

LOCK TABLES `turmas` WRITE;
/*!40000 ALTER TABLE `turmas` DISABLE KEYS */;
INSERT INTO `turmas` (`id`, `curso_id`, `numero_turma`, `nome_turma`, `endereco_unidade`, `bairro_unidade`, `complemento`, `vagas_totais`, `vagas_ocupadas`, `inicio_aulas`, `fim_aulas`, `horario_inicio`, `horario_fim`, `status`, `created_at`, `updated_at`) VALUES (1,1,1,NULL,'AVENIDA PRESIDENTE VARGAS, 1997','CENTRO',NULL,50,0,'2025-10-15','2025-10-15','09:00:00','12:00:00','ativa','2025-11-25 19:12:15','2025-11-25 19:12:15'),(2,2,1,NULL,'Avenida Dom Helder Camara, 1801 - Fundos','Jacarezinho',NULL,75,0,'2025-11-05','2025-11-28','08:00:00','19:00:00','ativa','2025-11-25 19:12:15','2025-11-25 19:12:15'),(3,3,1,NULL,'Avenida Dom Helder Camara, 1801 - Fundos','Jacarezinho',NULL,75,0,'2025-11-04','2025-11-27','08:00:00','19:00:00','ativa','2025-11-25 19:12:15','2025-11-25 19:12:15'),(4,5,1,NULL,'Avenida Ministro Edgard Romero, 502','Madureira',NULL,75,0,'2025-11-05','2025-11-28','08:00:00','19:00:00','ativa','2025-11-25 19:12:15','2025-11-25 19:12:15'),(5,6,1,NULL,'Avenida A, S/N - Praça Veluza Bispo','Vargem Pequena',NULL,75,0,'2025-11-04','2025-11-27','08:00:00','19:00:00','ativa','2025-11-25 19:12:15','2025-11-25 19:12:15'),(6,7,1,NULL,'Rua Estácio de Sá, S/N - Praça do Estácio','Estácio',NULL,75,0,'2025-11-05','2025-11-28','08:00:00','19:00:00','ativa','2025-11-25 19:12:15','2025-11-25 19:12:15'),(7,7,2,NULL,'Estrada do Vigário Geral, S/N - Praça Elba','Vigário Geral',NULL,75,0,'2025-11-05','2025-11-28','08:00:00','19:00:00','ativa','2025-11-25 19:12:15','2025-11-25 19:12:15'),(8,8,1,NULL,'Avenida Ministro Edgard Romero, 502','Madureira',NULL,75,0,'2025-11-03','2025-11-24','08:00:00','12:00:00','ativa','2025-11-25 19:12:15','2025-11-25 19:12:15'),(9,9,1,NULL,'Avenida Ministro Edgard Romero, 502','Madureira',NULL,75,0,'2025-11-03','2025-11-24','16:00:00','20:00:00','ativa','2025-11-25 19:12:15','2025-11-25 19:12:15'),(10,10,1,NULL,'Rua Dom Pedrito, 1 - Praça Temo Gonçalves Maia','Campo Grande',NULL,75,0,'2025-11-03','2025-11-24','08:00:00','17:00:00','ativa','2025-11-25 19:12:15','2025-11-25 19:12:15'),(11,11,1,NULL,'Estrada do Vigário Geral, S/N - Praça Elba','Vigário Geral',NULL,75,0,'2025-11-03','2025-11-24','14:00:00','18:00:00','ativa','2025-11-25 19:12:15','2025-11-25 19:12:15'),(12,12,1,NULL,'Rua do Desenhista, 31','Vila Aliança',NULL,10,0,'2025-11-03','2026-01-03','09:00:00','12:00:00','ativa','2025-11-25 19:12:15','2025-11-25 19:12:15'),(13,12,2,NULL,'Rua do Desenhista, 31','Vila Aliança',NULL,10,0,'2025-11-03','2026-01-03','14:00:00','17:00:00','ativa','2025-11-25 19:12:15','2025-11-25 19:12:15'),(14,13,1,NULL,'Rua do Desenhista, 31','Vila Aliança',NULL,10,0,'2025-11-03','2026-01-03','09:00:00','12:00:00','ativa','2025-11-25 19:12:15','2025-11-25 19:12:15'),(15,13,2,NULL,'Rua do Desenhista, 31','Vila Aliança',NULL,10,0,'2025-11-03','2026-01-03','14:00:00','17:00:00','ativa','2025-11-25 19:12:15','2025-11-25 19:12:15'),(16,14,1,NULL,'Rua do Desenhista, 31','Vila Aliança',NULL,10,0,'2025-11-03','2026-01-03','09:00:00','12:00:00','ativa','2025-11-25 19:12:15','2025-11-25 19:12:15'),(17,14,2,NULL,'Rua do Desenhista, 31','Vila Aliança',NULL,10,0,'2025-11-03','2026-01-03','14:00:00','17:00:00','ativa','2025-11-25 19:12:15','2025-11-25 19:12:15'),(18,15,1,NULL,'Rua do Desenhista, 31','Vila Aliança',NULL,10,0,'2025-11-03','2026-01-03','09:00:00','12:00:00','ativa','2025-11-25 19:12:15','2025-11-25 19:12:15'),(19,15,2,NULL,'Rua do Desenhista, 31','Vila Aliança',NULL,10,0,'2025-11-03','2026-01-03','14:00:00','17:00:00','ativa','2025-11-25 19:12:15','2025-11-25 19:12:15'),(20,16,1,NULL,'Rua do Desenhista, 31','Vila Aliança',NULL,10,0,'2025-11-03','2026-01-03','09:00:00','12:00:00','ativa','2025-11-25 19:12:15','2025-11-25 19:12:15'),(21,16,2,NULL,'Rua do Desenhista, 31','Vila Aliança',NULL,10,0,'2025-11-03','2026-01-03','14:00:00','17:00:00','ativa','2025-11-25 19:12:15','2025-11-25 19:12:15'),(22,17,1,NULL,'Rua do Desenhista, 31','Vila Aliança',NULL,10,0,'2025-11-03','2026-01-03','09:00:00','12:00:00','ativa','2025-11-25 19:12:15','2025-11-25 19:12:15'),(23,17,2,NULL,'Rua do Desenhista, 31','Vila Aliança',NULL,10,0,'2025-11-03','2026-01-03','14:00:00','17:00:00','ativa','2025-11-25 19:12:15','2025-11-25 19:12:15'),(24,18,1,NULL,'Rua do Desenhista, 31','Vila Aliança',NULL,10,0,'2025-11-03','2026-01-03','09:00:00','12:00:00','ativa','2025-11-25 19:12:15','2025-11-25 19:12:15'),(25,18,2,NULL,'Rua do Desenhista, 31','Vila Aliança',NULL,10,0,'2025-11-03','2026-01-03','14:00:00','17:00:00','ativa','2025-11-25 19:12:15','2025-11-25 19:12:15'),(26,19,1,NULL,'Rua do Desenhista, 31','Vila Aliança',NULL,10,0,'2025-11-03','2026-01-03','09:00:00','12:00:00','ativa','2025-11-25 19:12:15','2025-11-25 19:12:15'),(27,19,2,NULL,'Rua do Desenhista, 31','Vila Aliança',NULL,10,0,'2025-11-03','2026-01-03','14:00:00','17:00:00','ativa','2025-11-25 19:12:15','2025-11-25 19:12:15'),(28,20,1,NULL,'Rua Leopoldina Borges, 148','Anchieta',NULL,15,0,'2025-10-01','2025-12-15','09:00:00','12:00:00','ativa','2025-11-25 19:12:15','2025-11-25 19:12:15'),(29,20,2,NULL,'Rua Leopoldina Borges, 148','Anchieta',NULL,15,0,'2025-10-01','2025-12-15','13:00:00','16:00:00','ativa','2025-11-25 19:12:15','2025-11-25 19:12:15'),(30,20,3,NULL,'Rua São Judas Tadeu, 15 - Saibreira','Bangu',NULL,15,0,'2025-10-01','2025-12-15','09:00:00','12:00:00','ativa','2025-11-25 19:12:15','2025-11-25 19:12:15'),(31,20,4,NULL,'Rua São Judas Tadeu, 15 - Saibreira','Bangu',NULL,15,0,'2025-10-01','2025-12-15','13:00:00','16:00:00','ativa','2025-11-25 19:12:15','2025-11-25 19:12:15'),(32,20,5,NULL,'Travessa das Palmeiras, 67 - Nova Cidade','Inhoaíba',NULL,15,0,'2025-10-01','2025-12-15','09:00:00','12:00:00','ativa','2025-11-25 19:12:15','2025-11-25 19:12:15'),(33,20,6,NULL,'Travessa das Palmeiras, 67 - Nova Cidade','Inhoaíba',NULL,15,0,'2025-10-01','2025-12-15','13:00:00','16:00:00','ativa','2025-11-25 19:12:15','2025-11-25 19:12:15'),(34,21,1,NULL,'Rua Bonina, 325','Magalhães Bastos',NULL,15,0,'2025-10-01','2025-12-15','09:00:00','12:00:00','ativa','2025-11-25 19:12:15','2025-11-25 19:12:15'),(35,21,2,NULL,'Rua Bonina, 325','Magalhães Bastos',NULL,15,0,'2025-10-01','2025-12-15','13:00:00','16:00:00','ativa','2025-11-25 19:12:15','2025-11-25 19:12:15'),(36,21,3,NULL,'Rua Capitão Mario Barbedo, 301','Ricardo de Albuquerque',NULL,15,0,'2025-10-01','2025-12-15','09:00:00','12:00:00','ativa','2025-11-25 19:12:15','2025-11-25 19:12:15'),(37,21,4,NULL,'Rua Capitão Mario Barbedo, 301','Ricardo de Albuquerque',NULL,15,0,'2025-10-01','2025-12-15','13:00:00','16:00:00','ativa','2025-11-25 19:12:15','2025-11-25 19:12:15'),(38,21,5,NULL,'Rua da Felicidade, s/n - Vila Moretti','Bangu',NULL,15,0,'2025-10-01','2025-12-15','09:00:00','12:00:00','ativa','2025-11-25 19:12:15','2025-11-25 19:12:15'),(39,21,6,NULL,'Rua da Felicidade, s/n - Vila Moretti','Bangu',NULL,15,0,'2025-10-01','2025-12-15','13:00:00','16:00:00','ativa','2025-11-25 19:12:15','2025-11-25 19:12:15'),(40,22,1,NULL,'Estrada da Pedra, 2788','Santa Cruz',NULL,15,0,'2025-10-01','2025-12-15','09:00:00','12:00:00','ativa','2025-11-25 19:12:15','2025-11-25 19:12:15'),(41,22,2,NULL,'Estrada da Pedra, 2788','Santa Cruz',NULL,15,0,'2025-10-01','2025-12-15','13:00:00','16:00:00','ativa','2025-11-25 19:12:15','2025-11-25 19:12:15'),(42,22,3,NULL,'Rua Carlos Lacerda, 46','Maré',NULL,15,0,'2025-10-01','2025-12-15','09:00:00','12:00:00','ativa','2025-11-25 19:12:15','2025-11-25 19:12:15'),(43,22,4,NULL,'Rua Carlos Lacerda, 46','Maré',NULL,15,0,'2025-10-01','2025-12-15','13:00:00','16:00:00','ativa','2025-11-25 19:12:15','2025-11-25 19:12:15'),(44,22,5,NULL,'Rua Vicência, 190 - Piriquito','Realengo',NULL,15,0,'2025-10-01','2025-12-15','09:00:00','12:00:00','ativa','2025-11-25 19:12:15','2025-11-25 19:12:15'),(45,22,6,NULL,'Rua Vicência, 190 - Piriquito','Realengo',NULL,15,0,'2025-10-01','2025-12-15','13:00:00','16:00:00','ativa','2025-11-25 19:12:15','2025-11-25 19:12:15'),(46,23,1,NULL,'Rua Batuira, 121 - Conjuntão','Padre Miguel',NULL,15,0,'2025-10-01','2025-12-15','09:00:00','12:00:00','ativa','2025-11-25 19:12:15','2025-11-25 19:12:15'),(47,23,2,NULL,'Rua Batuira, 121 - Conjuntão','Padre Miguel',NULL,15,0,'2025-10-01','2025-12-15','13:00:00','16:00:00','ativa','2025-11-25 19:12:15','2025-11-25 19:12:15'),(48,23,3,NULL,'Estrada do Itanhangá, 30','Tijuquinha',NULL,15,0,'2025-10-01','2025-12-15','09:00:00','12:00:00','ativa','2025-11-25 19:12:15','2025-11-25 19:12:15'),(49,23,4,NULL,'Estrada do Itanhangá, 30','Tijuquinha',NULL,15,0,'2025-10-01','2025-12-15','13:00:00','16:00:00','ativa','2025-11-25 19:12:15','2025-11-25 19:12:15'),(50,23,5,NULL,'Av. Cesário de Melo, 13432 - Cesarão','Santa Cruz',NULL,15,0,'2025-10-01','2025-12-15','09:00:00','12:00:00','ativa','2025-11-25 19:12:15','2025-11-25 19:12:15'),(51,23,6,NULL,'Av. Cesário de Melo, 13432 - Cesarão','Santa Cruz',NULL,15,0,'2025-10-01','2025-12-15','13:00:00','16:00:00','ativa','2025-11-25 19:12:15','2025-11-25 19:12:15'),(52,24,1,NULL,'Estrada de jacarepaguá, 3560-Rua Bareta S/N - Rio das Pedras','Jacarepaguá',NULL,15,0,'2025-10-01','2025-12-15','09:00:00','12:00:00','ativa','2025-11-25 19:12:16','2025-11-25 19:12:16'),(53,24,2,NULL,'Estrada de jacarepaguá, 3560-Rua Bareta S/N - Rio das Pedras','Jacarepaguá',NULL,15,0,'2025-10-01','2025-12-15','13:00:00','16:00:00','ativa','2025-11-25 19:12:16','2025-11-25 19:12:16'),(54,24,3,NULL,'Rua Itajaí, 160','Realengo',NULL,15,0,'2025-10-01','2025-12-15','09:00:00','12:00:00','ativa','2025-11-25 19:12:16','2025-11-25 19:12:16'),(55,24,4,NULL,'Rua Itajaí, 160','Realengo',NULL,15,0,'2025-10-01','2025-12-15','13:00:00','16:00:00','ativa','2025-11-25 19:12:16','2025-11-25 19:12:16'),(56,24,5,NULL,'Rua Andaraí, 275','Andaraí',NULL,15,0,'2025-10-01','2025-12-15','09:00:00','12:00:00','ativa','2025-11-25 19:12:16','2025-11-25 19:12:16'),(57,24,6,NULL,'Rua Andaraí, 275','Andaraí',NULL,15,0,'2025-10-01','2025-12-15','13:00:00','16:00:00','ativa','2025-11-25 19:12:16','2025-11-25 19:12:16');
/*!40000 ALTER TABLE `turmas` ENABLE KEYS */;
UNLOCK TABLES;

--
-- Table structure for table `turmas_dias_semana`
--

DROP TABLE IF EXISTS `turmas_dias_semana`;
/*!40101 SET @saved_cs_client     = @@character_set_client */;
/*!50503 SET character_set_client = utf8mb4 */;
CREATE TABLE `turmas_dias_semana` (
  `id` int NOT NULL AUTO_INCREMENT,
  `turma_id` int NOT NULL,
  `dia_semana` enum('Segunda-feira','Terça-feira','Quarta-feira','Quinta-feira','Sexta-feira','Sábado','Domingo') COLLATE utf8mb4_unicode_ci NOT NULL,
  PRIMARY KEY (`id`),
  UNIQUE KEY `unique_turma_dia` (`turma_id`,`dia_semana`),
  KEY `idx_turma` (`turma_id`),
  CONSTRAINT `turmas_dias_semana_ibfk_1` FOREIGN KEY (`turma_id`) REFERENCES `turmas` (`id`) ON DELETE CASCADE
) ENGINE=InnoDB AUTO_INCREMENT=40 DEFAULT CHARSET=utf8mb4 COLLATE=utf8mb4_unicode_ci;
/*!40101 SET character_set_client = @saved_cs_client */;

--
-- Dumping data for table `turmas_dias_semana`
--

LOCK TABLES `turmas_dias_semana` WRITE;
/*!40000 ALTER TABLE `turmas_dias_semana` DISABLE KEYS */;
INSERT INTO `turmas_dias_semana` VALUES (1,1,'Quarta-feira'),(2,2,'Quarta-feira'),(3,3,'Terça-feira'),(4,4,'Quarta-feira'),(5,5,'Terça-feira'),(6,6,'Quarta-feira'),(7,7,'Sexta-feira'),(8,8,'Segunda-feira'),(9,9,'Segunda-feira'),(10,10,'Segunda-feira'),(11,11,'Segunda-feira'),(12,12,'Segunda-feira'),(13,13,'Quarta-feira'),(14,14,'Segunda-feira'),(15,15,'Quarta-feira'),(16,16,'Segunda-feira'),(17,17,'Quarta-feira'),(18,18,'Terça-feira'),(19,19,'Quinta-feira'),(20,20,'Terça-feira'),(21,21,'Quinta-feira'),(22,22,'Terça-feira'),(23,23,'Quinta-feira'),(24,24,'Terça-feira'),(25,25,'Quinta-feira'),(26,26,'Quarta-feira'),(27,27,'Sexta-feira'),(28,28,'Quinta-feira'),(29,29,'Segunda-feira'),(30,30,'Terça-feira'),(31,34,'Segunda-feira'),(32,35,'Quinta-feira'),(33,40,'Quarta-feira'),(34,41,'Segunda-feira'),(35,46,'Terça-feira'),(36,47,'Quarta-feira'),(37,52,'Quarta-feira'),(38,53,'Terça-feira'),(39,54,'Quinta-feira');
/*!40000 ALTER TABLE `turmas_dias_semana` ENABLE KEYS */;
UNLOCK TABLES;

--
-- Table structure for table `users`
--

DROP TABLE IF EXISTS `users`;
/*!40101 SET @saved_cs_client     = @@character_set_client */;
/*!50503 SET character_set_client = utf8mb4 */;
CREATE TABLE `users` (
  `id` int NOT NULL AUTO_INCREMENT,
  `email` varchar(255) COLLATE utf8mb4_unicode_ci NOT NULL,
  `senha` varchar(255) COLLATE utf8mb4_unicode_ci NOT NULL,
  `ativo` enum('sim','nao') COLLATE utf8mb4_unicode_ci DEFAULT 'sim',
  `ultimo_acesso` timestamp NULL DEFAULT NULL,
  `created_at` timestamp NULL DEFAULT CURRENT_TIMESTAMP,
  `updated_at` timestamp NULL DEFAULT CURRENT_TIMESTAMP ON UPDATE CURRENT_TIMESTAMP,
  PRIMARY KEY (`id`),
  UNIQUE KEY `email` (`email`)
) ENGINE=InnoDB AUTO_INCREMENT=3 DEFAULT CHARSET=utf8mb4 COLLATE=utf8mb4_unicode_ci;
/*!40101 SET character_set_client = @saved_cs_client */;

--
-- Dumping data for table `users`
--

LOCK TABLES `users` WRITE;
/*!40000 ALTER TABLE `users` DISABLE KEYS */;
INSERT INTO `users` VALUES (1,'admin@cicloscarioca.rio','$2b$12$w24TIPFaHIt63abU/r4WUOygD1fLvTc/yp9lMcEV..ykulu.ZYgTS','sim','2025-11-17 20:22:39','2025-11-17 20:10:13','2025-11-17 20:22:39'),(2,'oportunidades.cariocas@prefeitura.rio','$2b$12$Y6.iMtfBEc.9haX/McQMDeYd7.mCbCIeUqDlnByV974RhjFXXfXNO','sim','2025-11-18 14:07:22','2025-11-17 20:16:07','2025-11-18 14:07:22');
/*!40000 ALTER TABLE `users` ENABLE KEYS */;
UNLOCK TABLES;
/*!40103 SET TIME_ZONE=@OLD_TIME_ZONE */;

/*!40101 SET SQL_MODE=@OLD_SQL_MODE */;
/*!40014 SET FOREIGN_KEY_CHECKS=@OLD_FOREIGN_KEY_CHECKS */;
/*!40014 SET UNIQUE_CHECKS=@OLD_UNIQUE_CHECKS */;
/*!40101 SET CHARACTER_SET_CLIENT=@OLD_CHARACTER_SET_CLIENT */;
/*!40101 SET CHARACTER_SET_RESULTS=@OLD_CHARACTER_SET_RESULTS */;
/*!40101 SET COLLATION_CONNECTION=@OLD_COLLATION_CONNECTION */;
/*!40111 SET SQL_NOTES=@OLD_SQL_NOTES */;

-- Dump completed on 2025-11-25 19:13:06
